Symbol,Weight
A,0.14
AAL,0.03
AAP,0.03
AAPL,6.2
ABBV,0.56
ABC,0.05
ABMD,0.04
ABT,0.58
ACN,0.56
ADBE,0.83
ADI,0.23
ADM,0.09
ADP,0.23
ADSK,0.18
AEE,0.06
AEP,0.12
AES,0.04
AFL,0.09
AIG,0.12
AIZ,0.03
AJG,0.08
AKAM,0.05
ALB,0.07
ALGN,0.13
ALK,0.02
ALL,0.11
ALLE,0.03
AMAT,0.32
AMCR,0.05
AMD,0.35
AME,0.08
AMGN,0.34
AMP,0.08
AMT,0.35
AMZN,3.87
ANET,0.05
ANSS,0.08
ANTM,0.24
AON,0.17
AOS,0.02
APA,0.02
APD,0.16
APH,0.12
APTV,0.11
ARE,0.07
ATO,0.03
ATVI,0.17
AVB,0.08
AVGO,0.53
AVY,0.05
AWK,0.09
AXP,0.28
AZO,0.09
BA,0.31
BAC,0.82
BAX,0.1
BBWI,0.05
BBY,0.07
BDX,0.19
BEN,0.02
BF-B,0.03
BIIB,0.13
BIO,0.05
BK,0.12
BKNG,0.25
BKR,0.04
BLK,0.35
BLL,0.08
BMY,0.39
BR,0.05
BRK-B,1.41
BSX,0.17
BWA,0.03
BXP,0.04
C,0.39
CAG,0.04
CAH,0.04
CARR,0.12
CAT,0.3
CB,0.22
CBOE,0.03
CBRE,0.08
CCI,0.22
CCL,0.05
CDNS,0.12
CDW,0.07
CE,0.05
CERN,0.06
CF,0.03
CFG,0.05
CHD,0.05
CHRW,0.03
CHTR,0.29
CI,0.19
CINF,0.05
CL,0.17
CLX,0.05
CMA,0.03
CMCSA,0.72
CME,0.19
CMG,0.14
CMI,0.09
CMS,0.05
CNC,0.1
CNP,0.04
COF,0.2
COG,0.02
COO,0.06
COP,0.19
COST,0.52
CPB,0.02
CPRT,0.08
CRL,0.06
CRM,0.67
CSCO,0.65
CSX,0.19
CTAS,0.09
CTLT,0.06
CTSH,0.1
CTVA,0.08
CTXS,0.03
CVS,0.3
CVX,0.49
CZR,0.06
D,0.16
DAL,0.07
DD,0.1
DE,0.31
DFS,0.1
DG,0.14
DGX,0.05
DHI,0.08
DHR,0.54
DIS,0.86
DISCA,0.01
DISCK,0.02
DISH,0.03
DLR,0.12
DLTR,0.05
DOV,0.06
DOW,0.12
DPZ,0.05
DRE,0.05
DRI,0.05
DTE,0.06
DUK,0.21
DVA,0.02
DVN,0.05
DXC,0.02
DXCM,0.13
EA,0.11
EBAY,0.13
ECL,0.15
ED,0.07
EFX,0.09
EIX,0.06
EL,0.21
EMN,0.04
EMR,0.17
ENPH,0.06
EOG,0.1
EQIX,0.2
EQR,0.08
ES,0.08
ESS,0.06
ETN,0.18
ETR,0.06
ETSY,0.07
EVRG,0.04
EW,0.19
EXC,0.13
EXPD,0.06
EXPE,0.05
EXR,0.07
F,0.13
FANG,0.04
FAST,0.08
FB,2.37
FBHS,0.03
FCX,0.14
FDX,0.17
FE,0.05
FFIV,0.03
FIS,0.21
FISV,0.18
FITB,0.07
FLT,0.06
FMC,0.03
FOX,0.01
FOXA,0.03
FRC,0.09
FRT,0.02
FTNT,0.11
FTV,0.07
GD,0.12
GE,0.3
GILD,0.24
GIS,0.09
GL,0.02
GLW,0.08
GM,0.16
GNRC,0.07
GOOG,2.16
GOOGL,2.27
GPC,0.05
GPN,0.13
GPS,0.02
GRMN,0.07
GS,0.37
GWW,0.05
HAL,0.05
HAS,0.03
HBAN,0.06
HBI,0.02
HCA,0.17
HD,0.9
HES,0.05
HIG,0.06
HII,0.02
HLT,0.09
HOLX,0.05
HON,0.42
HPE,0.05
HPQ,0.09
HRL,0.03
HSIC,0.03
HST,0.03
HSY,0.07
HUM,0.14
HWM,0.03
IBM,0.33
ICE,0.18
IDXX,0.15
IEX,0.05
IFF,0.1
ILMN,0.17
INCY,0.04
INFO,0.12
INTC,0.57
INTU,0.4
IP,0.06
IPG,0.04
IPGP,0.02
IQV,0.13
IR,0.05
IRM,0.04
ISRG,0.32
IT,0.07
ITW,0.17
IVZ,0.02
J,0.04
JBHT,0.04
JCI,0.14
JKHY,0.03
JNJ,1.19
JNPR,0.02
JPM,1.26
K,0.04
KEY,0.05
KEYS,0.09
KHC,0.06
KIM,0.03
KLAC,0.13
KMB,0.12
KMI,0.08
KMX,0.05
KO,0.57
KR,0.09
KSU,0.07
L,0.03
LDOS,0.03
LEG,0.02
LEN,0.08
LH,0.08
LHX,0.12
LIN,0.43
LKQ,0.04
LLY,0.54
LMT,0.23
LNC,0.03
LNT,0.04
LOW,0.38
LRCX,0.22
LUMN,0.03
LUV,0.08
LVS,0.04
LW,0.02
LYB,0.07
LYV,0.03
MA,0.79
MAA,0.06
MAR,0.09
MAS,0.04
MCD,0.46
MCHP,0.11
MCK,0.08
MCO,0.16
MDLZ,0.23
MDT,0.47
MET,0.12
MGM,0.04
MHK,0.03
MKC,0.06
MKTX,0.05
MLM,0.06
MMC,0.21
MMM,0.29
MNST,0.09
MO,0.24
MOS,0.03
MPC,0.1
MPWR,0.06
MRK,0.5
MRNA,0.3
MRO,0.02
MS,0.4
MSCI,0.14
MSFT,5.92
MSI,0.11
MTB,0.05
MTD,0.09
MU,0.22
NCLH,0.03
NDAQ,0.06
NEE,0.43
NEM,0.12
NFLX,0.66
NI,0.02
NKE,0.55
NLOK,0.04
NLSN,0.02
NOC,0.14
NOV,0.01
NOW,0.33
NRG,0.03
NSC,0.16
NTAP,0.05
NTRS,0.06
NUE,0.09
NVDA,1.45
NVR,0.05
NWL,0.03
NWS,0.01
NWSA,0.02
NXPI,0.15
O,0.07
ODFL,0.07
OGN,0.02
OKE,0.06
OMC,0.04
ORCL,0.42
ORLY,0.11
OTIS,0.1
OXY,0.06
PAYC,0.06
PAYX,0.09
PBCT,0.02
PCAR,0.07
PEAK,0.05
PEG,0.08
PENN,0.03
PEP,0.56
PFE,0.67
PFG,0.04
PG,0.91
PGR,0.15
PH,0.1
PHM,0.04
PKG,0.04
PKI,0.05
PLD,0.26
PM,0.42
PNC,0.21
PNR,0.03
PNW,0.02
POOL,0.05
PPG,0.1
PPL,0.06
PRGO,0.01
PRU,0.11
PSA,0.13
PSX,0.08
PTC,0.04
PVH,0.02
PWR,0.04
PXD,0.09
PYPL,0.88
QCOM,0.43
QRVO,0.06
RCL,0.05
RE,0.03
REG,0.03
REGN,0.18
RF,0.05
RHI,0.03
RJF,0.04
RL,0.02
RMD,0.11
ROK,0.1
ROL,0.02
ROP,0.13
ROST,0.11
RSG,0.07
RTX,0.33
SBAC,0.1
SBUX,0.36
SCHW,0.28
SEE,0.02
SHW,0.19
SIVB,0.09
SJM,0.03
SLB,0.1
SNA,0.03
SNPS,0.13
SO,0.18
SPG,0.12
SPGI,0.28
SRE,0.11
STE,0.05
STT,0.08
STX,0.05
STZ,0.09
SWK,0.08
SWKS,0.08
SYF,0.07
SYK,0.24
SYY,0.11
T,0.51
TAP,0.02
TDG,0.09
TDY,0.06
TECH,0.05
TEL,0.13
TER,0.05
TFC,0.2
TFX,0.05
TGT,0.32
TJX,0.23
TMO,0.57
TMUS,0.21
TPR,0.03
TRMB,0.06
TROW,0.13
TRV,0.1
TSCO,0.06
TSLA,1.48
TSN,0.06
TT,0.12
TTWO,0.05
TWTR,0.13
TXN,0.46
TXT,0.04
TYL,0.05
UA,0.01
UAA,0.01
UAL,0.04
UDR,0.04
UHS,0.03
ULTA,0.06
UNH,1.02
UNM,0.01
UNP,0.38
UPS,0.37
URI,0.07
USB,0.2
V,1.01
VFC,0.06
VIAC,0.07
VLO,0.07
VMC,0.06
VNO,0.02
VRSK,0.09
VRSN,0.06
VRTX,0.14
VTR,0.05
VTRS,0.05
VZ,0.59
WAB,0.04
WAT,0.07
WBA,0.1
WDC,0.05
WEC,0.08
WELL,0.09
WFC,0.49
WHR,0.04
WLTW,0.07
WM,0.16
WMB,0.08
WMT,0.53
WRB,0.03
WRK,0.04
WST,0.09
WU,0.02
WY,0.07
WYNN,0.03
XEL,0.1
XLNX,0.1
XOM,0.6
XRAY,0.03
XYL,0.06
YUM,0.1
ZBH,0.08
ZBRA,0.08
ZION,0.02
ZTS,0.25
